{
  "main": {
    "id": "ec42cbb8e088b8d1",
    "type": "split",
    "children": [
      {
        "id": "51e799bc098fba24",
        "type": "tabs",
        "children": [
          {
            "id": "d83b274492f05565",
            "type": "leaf",
            "state": {
              "type": "markdown",
              "state": {
                "file": "2 End User documentation/1 Overview.md",
                "mode": "source",
                "source": false
              }
            }
          },
          {
            "id": "15835e0e5d0ffd23",
            "type": "leaf",
            "state": {
              "type": "markdown",
              "state": {
                "file": "GrowERP documentation.md",
                "mode": "source",
                "source": false
              }
            }
          }
        ],
        "currentTab": 1
      }
    ],
    "direction": "vertical"
  },
  "left": {
    "id": "50f6eb58a2ca765f",
    "type": "split",
    "children": [
      {
        "id": "cf189eb8b517bb24",
        "type": "tabs",
        "children": [
          {
            "id": "3e1cbc4fc81746df",
            "type": "leaf",
            "state": {
              "type": "file-explorer",
              "state": {
                "sortOrder": "alphabetical"
              }
            }
          },
          {
            "id": "5eaef352ace2aa85",
            "type": "leaf",
            "state": {
              "type": "search",
              "state": {
                "query": "",
                "matchingCase": false,
                "explainSearch": false,
                "collapseAll": false,
                "extraContext": false,
                "sortOrder": "alphabetical"
              }
            }
          },
          {
            "id": "bdd5b9c949b7ec83",
            "type": "leaf",
            "state": {
              "type": "starred",
              "state": {}
            }
          }
        ]
      }
    ],
    "direction": "horizontal",
    "width": 300
  },
  "right": {
    "id": "633410cb3c4e66be",
    "type": "split",
    "children": [
      {
        "id": "06ab4d3d1d11df20",
        "type": "tabs",
        "children": [
          {
            "id": "8a8cba40e262227c",
            "type": "leaf",
            "state": {
              "type": "backlink",
              "state": {
                "file": "GrowERP documentation.md",
                "collapseAll": false,
                "extraContext": false,
                "sortOrder": "alphabetical",
                "showSearch": false,
                "searchQuery": "",
                "backlinkCollapsed": false,
                "unlinkedCollapsed": true
              }
            }
          },
          {
            "id": "e81c366ab1126033",
            "type": "leaf",
            "state": {
              "type": "outgoing-link",
              "state": {
                "file": "GrowERP documentation.md",
                "linksCollapsed": false,
                "unlinkedCollapsed": true
              }
            }
          },
          {
            "id": "92ea5af1549d4704",
            "type": "leaf",
            "state": {
              "type": "tag",
              "state": {
                "sortOrder": "frequency",
                "useHierarchy": true
              }
            }
          },
          {
            "id": "a4410c2faa138501",
            "type": "leaf",
            "state": {
              "type": "outline",
              "state": {
                "file": "GrowERP documentation.md"
              }
            }
          }
        ]
      }
    ],
    "direction": "horizontal",
    "width": 300,
    "collapsed": true
  },
  "active": "15835e0e5d0ffd23",
  "lastOpenFiles": [
    "2 End User documentation/4 Marketing & sales.md",
    "2 End User documentation/1 Overview.md",
    "GrowERP documentation.md",
    "3 Technical documentation/9 Andriod Playstore publication.md",
    "3 Technical documentation/8 IOS AppStore publication.md",
    "3 Technical documentation/7 Stripe.md",
    "3 Technical documentation/6 Website.md",
    "3 Technical documentation/5 Chat Server.md",
    "3 Technical documentation/4 Moqui Backend.md",
    "3 Technical documentation/3 Packages.md"
  ]
}