{
  "main": {
    "id": "ec42cbb8e088b8d1",
    "type": "split",
    "children": [
      {
        "id": "b0191cccbfef5758",
        "type": "tabs",
        "children": [
          {
            "id": "cd2ba6fa8750f0f9",
            "type": "leaf",
            "state": {
              "type": "markdown",
              "state": {
                "file": "1 Introduction/6 Releases.md",
                "mode": "source",
                "source": false
              },
              "icon": "lucide-file",
              "title": "6 Releases"
            }
          }
        ]
      }
    ],
    "direction": "vertical"
  },
  "left": {
    "id": "50f6eb58a2ca765f",
    "type": "split",
    "children": [
      {
        "id": "cf189eb8b517bb24",
        "type": "tabs",
        "children": [
          {
            "id": "3e1cbc4fc81746df",
            "type": "leaf",
            "state": {
              "type": "file-explorer",
              "state": {
                "sortOrder": "alphabetical"
              },
              "icon": "lucide-folder-closed",
              "title": "Files"
            }
          },
          {
            "id": "5eaef352ace2aa85",
            "type": "leaf",
            "state": {
              "type": "search",
              "state": {
                "query": "api",
                "matchingCase": false,
                "explainSearch": false,
                "collapseAll": false,
                "extraContext": false,
                "sortOrder": "alphabetical"
              },
              "icon": "lucide-search",
              "title": "Search"
            }
          },
          {
            "id": "bdd5b9c949b7ec83",
            "type": "leaf",
            "state": {
              "type": "starred",
              "state": {},
              "icon": "lucide-file",
              "title": "Plugin no longer active"
            }
          },
          {
            "id": "d0cc77ac05e943c6",
            "type": "leaf",
            "state": {
              "type": "bookmarks",
              "state": {},
              "icon": "lucide-bookmark",
              "title": "Bookmarks"
            }
          }
        ]
      }
    ],
    "direction": "horizontal",
    "width": 300
  },
  "right": {
    "id": "633410cb3c4e66be",
    "type": "split",
    "children": [
      {
        "id": "06ab4d3d1d11df20",
        "type": "tabs",
        "children": [
          {
            "id": "8a8cba40e262227c",
            "type": "leaf",
            "state": {
              "type": "backlink",
              "state": {
                "file": "1 Introduction/5 Road Map and Releases.md",
                "collapseAll": false,
                "extraContext": false,
                "sortOrder": "alphabetical",
                "showSearch": false,
                "searchQuery": "",
                "backlinkCollapsed": false,
                "unlinkedCollapsed": true
              },
              "icon": "links-coming-in",
              "title": "Backlinks for 5 Road Map and Releases"
            }
          },
          {
            "id": "e81c366ab1126033",
            "type": "leaf",
            "state": {
              "type": "outgoing-link",
              "state": {
                "file": "1 Introduction/5 Road Map and Releases.md",
                "linksCollapsed": false,
                "unlinkedCollapsed": true
              },
              "icon": "links-going-out",
              "title": "Outgoing links from 5 Road Map and Releases"
            }
          },
          {
            "id": "92ea5af1549d4704",
            "type": "leaf",
            "state": {
              "type": "tag",
              "state": {
                "sortOrder": "frequency",
                "useHierarchy": true
              },
              "icon": "lucide-tags",
              "title": "Tags"
            }
          },
          {
            "id": "a4410c2faa138501",
            "type": "leaf",
            "state": {
              "type": "outline",
              "state": {
                "file": "1 Introduction/5 Road Map and Releases.md"
              },
              "icon": "lucide-list",
              "title": "Outline of 5 Road Map and Releases"
            }
          },
          {
            "id": "90026260372962aa",
            "type": "leaf",
            "state": {
              "type": "all-properties",
              "state": {
                "sortOrder": "frequency",
                "showSearch": false,
                "searchQuery": ""
              },
              "icon": "lucide-archive",
              "title": "All properties"
            }
          }
        ]
      }
    ],
    "direction": "horizontal",
    "width": 300,
    "collapsed": true
  },
  "left-ribbon": {
    "hiddenItems": {
      "switcher:Open quick switcher": false,
      "graph:Open graph view": false,
      "canvas:Create new canvas": false,
      "daily-notes:Open today's daily note": false,
      "templates:Insert template": false,
      "command-palette:Open command palette": false
    }
  },
  "active": "cd2ba6fa8750f0f9",
  "lastOpenFiles": [
    "2 End User documentation/1 Introduction/2 Getting Started.md",
    "1 Introduction/3 Feature list.md",
    "1 Introduction/6 Releases.md",
    "1 Introduction/5 Road Map.md",
    "3 Technical documentation/5 HTML Website.md",
    "1 Introduction/topten.png",
    "1 Introduction/4 Getting started.md",
    "2 End User documentation/1 Introduction/3 General business flow.md",
    "3 Technical documentation/7 Integration tests.md",
    "4 Applications/4 workflow/Workflow data organization.md",
    "4 Applications/3 Freelance/1 Introduction.md",
    "3 Technical documentation/2 Flutter frontend & development.md",
    "4 Applications/4 workflow",
    "4 Applications/4 Workflow.md",
    "2 End User documentation/7 Accounting/7 Item Type.md",
    "2 End User documentation/7 Accounting/6 Payment Type.md",
    "2 End User documentation/7 Accounting/9 Account Class reference.md",
    "2 End User documentation/7 Accounting/1 getting started.md",
    "2 End User documentation/7 Accounting/8 Account type reference.md",
    "3 Technical documentation/3 Moqui Backend.md",
    "1 Introduction/2 What is GrowERP.md",
    "media/growerp-overview.jpg",
    "1 Introduction/1 Overview.md",
    "3 Technical documentation/8 Deployment.md",
    "2 End User documentation/1 Introduction/1 Overview.md",
    "GrowERP documentation.md",
    "Stripe.md",
    "2 End User documentation/9 Authentication & users/2 Authentication.md",
    "2 End User documentation/9 Authentication & users/2 Usertypes.md",
    "2 End User documentation/9 Authentication & users",
    "2 End User documentation/5 Order management",
    "2 End User documentation/6 inventory management",
    "2 End User documentation/2 Website",
    "2 End User documentation/1 Introduction",
    "2 End User documentation/7 Accounting",
    "4 Applications/3 Freelance",
    "4 Applications/1 Admin",
    "4 Applications/2 Hotel"
  ]
}