{
  "main": {
    "id": "ec42cbb8e088b8d1",
    "type": "split",
    "children": [
      {
        "id": "51e799bc098fba24",
        "type": "tabs",
        "children": [
          {
            "id": "ee481afbef6892fd",
            "type": "leaf",
            "state": {
              "type": "markdown",
              "state": {
                "file": "3 Technical documentation/3 Moqui Backend.md",
                "mode": "source",
                "source": false
              }
            }
          }
        ]
      }
    ],
    "direction": "vertical"
  },
  "left": {
    "id": "50f6eb58a2ca765f",
    "type": "split",
    "children": [
      {
        "id": "cf189eb8b517bb24",
        "type": "tabs",
        "children": [
          {
            "id": "3e1cbc4fc81746df",
            "type": "leaf",
            "state": {
              "type": "file-explorer",
              "state": {
                "sortOrder": "alphabetical"
              }
            }
          },
          {
            "id": "5eaef352ace2aa85",
            "type": "leaf",
            "state": {
              "type": "search",
              "state": {
                "query": "api",
                "matchingCase": false,
                "explainSearch": false,
                "collapseAll": false,
                "extraContext": false,
                "sortOrder": "alphabetical"
              }
            }
          },
          {
            "id": "bdd5b9c949b7ec83",
            "type": "leaf",
            "state": {
              "type": "starred",
              "state": {}
            }
          },
          {
            "id": "d0cc77ac05e943c6",
            "type": "leaf",
            "state": {
              "type": "bookmarks",
              "state": {}
            }
          }
        ],
        "currentTab": 1
      }
    ],
    "direction": "horizontal",
    "width": 300
  },
  "right": {
    "id": "633410cb3c4e66be",
    "type": "split",
    "children": [
      {
        "id": "06ab4d3d1d11df20",
        "type": "tabs",
        "children": [
          {
            "id": "8a8cba40e262227c",
            "type": "leaf",
            "state": {
              "type": "backlink",
              "state": {
                "file": "3 Technical documentation/3 Moqui Backend.md",
                "collapseAll": false,
                "extraContext": false,
                "sortOrder": "alphabetical",
                "showSearch": false,
                "searchQuery": "",
                "backlinkCollapsed": false,
                "unlinkedCollapsed": true
              }
            }
          },
          {
            "id": "e81c366ab1126033",
            "type": "leaf",
            "state": {
              "type": "outgoing-link",
              "state": {
                "file": "3 Technical documentation/3 Moqui Backend.md",
                "linksCollapsed": false,
                "unlinkedCollapsed": true
              }
            }
          },
          {
            "id": "92ea5af1549d4704",
            "type": "leaf",
            "state": {
              "type": "tag",
              "state": {
                "sortOrder": "frequency",
                "useHierarchy": true
              }
            }
          },
          {
            "id": "a4410c2faa138501",
            "type": "leaf",
            "state": {
              "type": "outline",
              "state": {
                "file": "3 Technical documentation/3 Moqui Backend.md"
              }
            }
          }
        ]
      }
    ],
    "direction": "horizontal",
    "width": 300,
    "collapsed": true
  },
  "left-ribbon": {
    "hiddenItems": {
      "switcher:Open quick switcher": false,
      "graph:Open graph view": false,
      "canvas:Create new canvas": false,
      "daily-notes:Open today's daily note": false,
      "templates:Insert template": false,
      "command-palette:Open command palette": false
    }
  },
  "active": "ee481afbef6892fd",
  "lastOpenFiles": [
    "3 Technical documentation/1 Technical Introduction.md",
    "3 Technical documentation/8 Deployment.md",
    "3 Technical documentation/3 Moqui Backend.md",
    "1 Introduction/5 Road Map and Releases.md",
    "GrowERP documentation.md",
    "3 Technical documentation/9 GrowERP Flutter Application and plugins.md",
    "3 Technical documentation/9 Andriod Playstore publication.md",
    "3 Technical documentation/8 IOS AppStore publication.md",
    "3 Technical documentation/5 HTML Website.md",
    "3 Technical documentation/4 Chat Server.md",
    "3 Technical documentation/6 Stripe.md",
    "3 Technical documentation/7 Integration tests.md",
    "3 Technical documentation/2 Flutter frontend.md",
    "1 Introduction/3 Feature list.md",
    "1 Introduction/4 Getting started.md",
    "1 Introduction/3 Getting started.md",
    "1 Introduction/4 Releases.md",
    "2 End User documentation/3 Website.md",
    "2 End User documentation/2 Getting Started.md",
    "2 End User documentation/1 Overview.md",
    "1 Introduction/2 What is GrowERP.md",
    "1 Introduction/1 Overview.md",
    "2 End User documentation/9 Authentication & Usertypes.md",
    "2 End User documentation/8 General business flow.md",
    "2 End User documentation/7 Accounting.md",
    "2 End User documentation/6 Inventory management.md"
  ]
}